group;LG1
Map_1_1;0.000
Map_1_2;1.275
Map_1_3;1.412
Mrk_17036;3.743
Map_1_4;4.765
Mrk_16976;5.038
Map_1_5;9.671
Mrk_16756;12.513
Mrk_15204;12.683
Map_1_6;14.325
Map_1_7;14.425
Map_1_8;14.427
Map_1_9;14.429
Mrk_16667;14.434
Map_1_10;14.465
Mrk_16703;14.471
Map_1_11;16.199
Map_1_12;17.359
Map_1_13;17.365
Map_1_14;17.365
Map_1_15;17.367
Map_1_16;18.537
Map_1_17;18.550
Mrk_16437;18.550
Mrk_16433;18.555
Map_1_18;20.460
Mrk_16417;20.892
Mrk_17062;21.493
Mrk_16185;22.700
Mrk_16081;24.506
Mrk_16051;28.803
Mrk_15912;29.414
Mrk_15895;29.423
Map_1_19;30.608
Mrk_15839;30.627
Map_1_20;32.544
Mrk_15801;33.725
Mrk_15604;38.672
Mrk_15612;38.695
Map_1_21;39.705
Mrk_15572;39.763
Mrk_15560;40.903
Map_1_22;42.687
Mrk_15516;43.207
Map_1_23;43.228
Map_1_24;47.928
Mrk_15152;49.309
Map_1_25;49.369
Map_1_26;50.902
Map_1_27;51.047
group;LG2
Map_1_29;0.000
Mrk_17252;0.561
Mrk_17269;1.043
Mrk_17183;4.349
Mrk_17102;4.898
Mrk_17105;4.898
Map_1_30;8.888
Map_1_31;9.463
Mrk_17106;10.750
Map_1_32;14.004
Map_1_33;14.736
Mrk_17272;14.778
Mrk_17249;14.805
Map_1_34;15.919
Mrk_17185;15.942
Map_1_35;17.657
Map_1_36;18.595
Mrk_16812;18.928
Map_1_37;18.939
Map_1_38;19.263
Mrk_16674;20.738
Mrk_16468;21.653
Map_1_39;21.667
Mrk_16469;21.667
Mrk_16473;21.716
Mrk_16421;23.465
Map_1_40;23.528
Map_1_41;23.916
Mrk_16389;23.983
Mrk_16323;25.459
Mrk_14850;25.555
Mrk_16322;25.632
Map_1_42;25.705
Mrk_16273;27.413
Map_1_43;27.960
Map_1_44;28.087
Map_1_45;28.381
Map_1_46;29.961
Map_1_47;30.696
Mrk_14873;31.710
Mrk_15842;33.438
Mrk_15844;33.438
Mrk_15793;33.841
Map_1_48;33.906
Mrk_14929;33.906
Mrk_15660;34.801
Map_1_49;35.612
Mrk_15668;35.941
Mrk_15719;35.962
Mrk_14723;36.474
Mrk_15664;36.474
Mrk_15662;36.794
Mrk_15205;37.280
Map_1_50;37.689
Map_1_51;37.846
Mrk_15598;38.657
Mrk_15599;38.660
Mrk_15597;38.660
Mrk_15618;38.663
Mrk_15614;38.670
Map_1_52;38.670
Map_1_53;39.566
Mrk_14665;39.616
Mrk_15558;40.334
Mrk_15545;40.404
Mrk_14721;40.975
Mrk_15551;41.579
Map_1_54;41.771
Mrk_15544;42.141
Mrk_14970;42.721
Mrk_15510;43.921
Mrk_15389;44.479
Mrk_15354;44.929
Mrk_15338;45.054
Mrk_15331;45.089
Mrk_15379;45.089
Mrk_14808;45.323
Mrk_15335;46.007
Mrk_15355;46.191
Mrk_15314;46.276
Mrk_15318;46.280
Map_1_55;46.285
Mrk_14885;46.430
Map_1_56;46.456
Mrk_15353;46.789
Map_1_57;47.824
Mrk_14883;48.406
Mrk_17924;49.163
Map_1_58;49.417
Mrk_14914;49.530
Map_1_59;49.533
Mrk_15266;49.562
Mrk_15267;49.566
Mrk_17893;50.054
Map_1_60;50.057
Mrk_17889;50.059
Map_1_61;50.068
Mrk_17894;50.312
Mrk_17890;50.935
Map_1_62;51.173
Map_1_63;51.482
Map_1_64;51.568
Mrk_17739;51.702
Mrk_17734;52.272
Mrk_17733;52.648
Mrk_17692;53.229
Map_1_65;53.243
Map_1_66;53.410
Mrk_17657;53.890
Mrk_17639;54.315
Mrk_17648;54.395
Map_1_67;54.447
Mrk_17630;54.775
Mrk_17631;54.801
Mrk_14901;54.945
Map_1_68;54.964
Map_1_69;55.124
Mrk_17650;55.132
Mrk_14744;55.608
Mrk_17632;55.670
Mrk_17608;55.718
Map_1_70;56.202
Map_1_71;56.203
Mrk_17548;56.203
Mrk_17611;56.732
Map_1_72;56.844
Map_1_73;57.227
Map_1_74;58.569
Mrk_17480;58.569
Mrk_17482;58.571
Mrk_17446;59.097
Map_1_75;59.206
Mrk_17448;59.206
Map_1_76;60.028
Map_1_77;61.252
Mrk_17404;61.261
Map_1_78;62.689
Mrk_17361;62.754
Map_1_79;62.824
Map_1_80;62.929
Mrk_17347;63.352
Map_1_81;63.444
Map_1_82;63.994
Map_1_83;63.994
Map_1_84;64.006
Mrk_17341;64.276
Mrk_17322;65.152
Map_1_85;65.601
Mrk_17307;65.644
Map_1_86;66.117
Mrk_14949;66.117
Map_1_87;66.263
Mrk_17283;66.263
Map_1_88;66.680
Mrk_14997;67.244
Mrk_16997;67.278
Mrk_16875;67.293
Mrk_16827;67.891
Mrk_16649;68.525
Map_1_89;69.745
Map_1_90;70.292
Map_1_91;70.592
Mrk_15984;70.755
Map_1_92;71.392
Mrk_15908;71.561
Mrk_15929;71.719
Mrk_4;72.127
Map_1_93;72.825
Mrk_15485;73.356
Mrk_14896;73.380
Mrk_15445;75.145
group;LG3
Map_1_95;0.000
Map_1_96;1.089
Map_1_97;2.039
Mrk_14747;2.339
Mrk_17207;2.339
Map_1_98;2.864
Mrk_17189;4.100
Mrk_17190;4.100
Mrk_17198;4.234
Mrk_17167;5.280
Mrk_17192;5.349
Mrk_17193;5.632
Mrk_15049;7.045
Mrk_17154;8.026
Map_1_99;8.165
Mrk_17116;9.896
Mrk_17113;9.993
Mrk_17115;10.007
Mrk_17129;10.007
Mrk_17111;10.588
Map_1_100;11.184
Map_1_101;12.624
Map_1_102;13.013
Mrk_14934;13.351
Map_1_103;13.632
Map_1_104;14.171
Mrk_16908;14.213
Map_1_105;14.763
Mrk_16760;16.916
Map_1_106;17.468
Map_1_107;17.555
Mrk_15032;17.704
Mrk_16640;20.051
Mrk_16642;20.051
Mrk_16602;21.242
Mrk_16466;24.635
Mrk_16467;24.780
Map_1_108;25.837
Map_1_109;25.840
Mrk_16271;26.745
Map_1_110;26.845
Map_1_111;27.195
Mrk_16206;27.203
Map_1_112;27.208
Map_1_113;27.210
Map_1_114;27.222
Mrk_15388;28.175
Mrk_15339;28.437
Mrk_15165;28.609
Mrk_15760;28.621
Map_1_115;29.373
Map_1_116;29.373
Mrk_14715;29.740
Mrk_15594;30.239
Map_1_117;30.567
Mrk_15100;30.768
Map_1_118;31.749
Mrk_15265;34.200
Map_1_119;37.120
Map_1_120;37.730
Mrk_17908;38.640
Mrk_17909;39.514
Map_1_121;41.933
Map_1_122;43.335
Map_1_123;43.396
Map_1_124;43.597
Map_1_125;44.739
Mrk_17647;44.750
Mrk_17642;45.848
Mrk_17599;48.539
Mrk_17591;48.551
Map_1_126;49.436
Mrk_15946;55.803
Map_1_127;56.090
Mrk_15987;56.119
Mrk_15990;56.161
Mrk_15713;56.197
Map_1_128;56.488
Mrk_15823;56.488
Map_1_129;57.307
Mrk_17694;57.319
Mrk_17687;57.343
Map_1_130;57.362
Mrk_15258;57.601
Mrk_15304;57.616
Mrk_15317;57.924
Map_1_131;58.065
Mrk_14792;58.325
Mrk_17754;59.673
Map_1_132;62.598
Mrk_16428;62.728
Map_1_133;62.753
group;LG4
Map_1_135;0.000
Map_1_136;0.243
Map_1_137;0.459
Map_1_138;1.084
Map_1_139;1.660
Map_1_140;2.268
Map_1_141;2.557
Mrk_14985;6.183
Map_1_142;12.352
Mrk_17244;14.029
Mrk_17376;17.879
Mrk_17400;17.886
Mrk_17375;17.897
Map_1_143;18.423
Map_1_144;21.426
Mrk_17726;22.948
Map_1_145;23.216
Map_1_146;24.367
Mrk_17730;25.408
Map_1_147;26.839
Map_1_148;27.326
Mrk_15430;27.350
Mrk_15281;27.418
Mrk_15283;27.428
Mrk_15282;27.440
Mrk_15068;27.707
Mrk_15429;28.684
Map_1_149;29.257
Map_1_150;29.571
Mrk_15533;30.671
Map_1_151;30.682
Mrk_15541;31.273
Mrk_15567;32.216
Map_1_152;32.348
Mrk_15030;32.349
Mrk_14923;32.356
Map_1_153;32.383
Mrk_15565;32.399
Map_1_154;32.823
Mrk_14892;34.187
Map_1_155;35.036
Map_1_156;35.227
Map_1_157;35.850
Mrk_15613;36.655
Map_1_158;39.538
Mrk_15721;39.949
Map_1_159;41.764
Mrk_14864;45.428
Mrk_15978;46.504
Map_1_160;47.445
Mrk_16068;52.671
Mrk_16054;57.094
Map_1_161;57.757
Mrk_16123;57.759
Map_1_162;58.282
Map_1_163;58.316
Mrk_16220;60.146
Mrk_14828;60.147
Mrk_16256;61.351
Mrk_16272;61.805
Mrk_14740;61.955
Mrk_16296;62.210
Mrk_16291;62.625
Map_1_164;62.625
Mrk_16279;62.861
Mrk_14724;63.308
Map_1_165;63.442
Map_1_166;63.488
Mrk_16253;63.508
Map_1_167;64.268
Mrk_16242;64.712
Mrk_16238;65.039
group;LG5
Map_1_169;0.000
Map_1_170;7.661
Map_1_171;7.661
Mrk_16989;8.992
Mrk_16990;9.040
Mrk_16899;11.584
Map_1_172;13.388
Mrk_15183;14.948
Mrk_16753;15.957
Mrk_14967;16.196
Mrk_15021;16.462
Mrk_15060;17.984
Map_1_173;19.856
Map_1_174;22.446
Map_1_175;22.450
Map_1_176;23.058
Map_1_177;23.912
Map_1_178;24.289
Map_1_179;24.291
Mrk_15771;24.543
Mrk_16090;24.713
Map_1_180;25.086
Mrk_16089;27.356
Mrk_16014;27.405
Mrk_16096;27.412
Mrk_16012;28.128
Map_1_181;30.223
Mrk_15891;34.475
Mrk_15555;39.154
Map_1_182;42.717
Mrk_15071;49.187
Mrk_14912;51.218
Map_1_183;51.228
Mrk_17697;52.052
Map_1_184;52.108
Mrk_15586;52.109
Map_1_185;52.209
Mrk_15588;52.219
Mrk_15606;52.258
Mrk_15605;52.306
Mrk_15081;52.431
Map_1_186;52.729
Mrk_17860;53.271
Map_1_187;56.244
Map_1_188;56.492
Map_1_189;56.492
Map_1_190;56.527
Mrk_17602;58.753
Map_1_191;60.938
Map_1_192;61.296
Map_1_193;61.296
Map_1_194;61.298
Map_1_195;61.425
Map_1_196;61.676
Mrk_17326;64.676
Mrk_17324;64.820
Mrk_17334;64.839
Mrk_17311;65.294
Map_1_197;65.400
Mrk_17315;65.498
Mrk_15156;66.707
Map_1_198;69.543
Mrk_16299;69.543
Mrk_15421;69.548
Mrk_16261;70.087
Mrk_17961;70.123
Map_1_199;72.055
Mrk_15483;72.055
Mrk_17580;72.358
Mrk_17955;72.788
Map_1_200;73.727
group;LG6
Map_1_202;0.000
Map_1_203;1.398
Mrk_16381;5.867
Mrk_15191;6.313
Mrk_16865;6.431
Map_1_204;7.274
Map_1_205;7.295
Map_1_206;7.519
Mrk_17239;7.646
Mrk_17243;7.646
Mrk_17286;7.965
Mrk_14711;8.245
Mrk_17304;8.252
Mrk_17368;8.529
Mrk_17362;8.529
Map_1_207;9.053
Mrk_17396;9.088
Mrk_17395;9.094
Map_1_208;9.715
Mrk_17781;9.718
Mrk_17469;9.719
Mrk_17784;9.746
Map_1_209;9.775
Mrk_17474;10.275
Map_1_210;10.310
Mrk_17478;10.585
Map_1_211;11.202
Mrk_14682;11.446
Mrk_15776;11.568
Map_1_212;11.595
Mrk_17601;11.974
Mrk_17656;14.489
Map_1_213;16.444
Map_1_214;18.204
Map_1_215;18.602
Mrk_14843;18.794
Map_1_216;18.794
Mrk_15988;18.820
Map_1_217;18.886
Mrk_14786;23.298
Map_1_218;26.321
Mrk_16058;28.629
Mrk_14686;31.552
Map_1_219;32.240
Mrk_16228;38.336
Mrk_16148;39.658
Mrk_14972;40.185
Mrk_16234;41.559
Map_1_220;42.711
Map_1_221;42.806
Mrk_15003;46.860
Mrk_14948;49.672
Mrk_16354;52.482
Mrk_16364;52.508
Mrk_14960;52.663
Mrk_16369;53.787
Mrk_16368;53.811
Map_1_222;54.544
Map_1_223;59.090
Mrk_16477;59.904
Mrk_16517;60.446
Mrk_15004;61.185
Mrk_16553;64.225
Mrk_16559;64.232
Map_1_224;64.242
Mrk_16560;64.252
Mrk_16573;64.825
Map_1_225;64.833
Map_1_226;65.053
Mrk_16574;65.446
Mrk_16577;65.519
Mrk_16654;67.780
Mrk_16659;67.929
Mrk_16658;70.644
group;LG7
Map_1_228;0.000
Mrk_17789;2.300
Map_1_229;3.488
Mrk_16545;4.608
Mrk_16542;4.693
Mrk_16568;4.693
Mrk_15321;5.210
Map_1_230;5.228
Mrk_17048;7.008
Map_1_231;7.331
Map_1_232;7.567
Mrk_17227;8.127
Mrk_17336;9.356
Map_1_233;9.356
Map_1_234;11.096
Map_1_235;11.244
Mrk_17540;12.241
Map_1_236;14.676
Mrk_17057;15.169
Mrk_17745;15.295
Map_1_237;15.821
Map_1_238;15.831
Map_1_239;15.941
Mrk_17813;16.467
Mrk_17340;16.490
Map_1_240;16.503
Mrk_17832;18.144
Mrk_16637;18.656
Map_1_241;18.749
Map_1_242;21.851
Map_1_243;22.226
Mrk_15066;22.467
Map_1_244;22.564
Map_1_245;22.564
Mrk_15311;23.546
Mrk_15141;23.561
Map_1_246;23.671
Map_1_247;24.005
Mrk_15345;24.085
Mrk_15194;24.641
Map_1_248;24.725
Map_1_249;25.197
Map_1_250;25.408
Map_1_251;26.954
Mrk_14928;26.956
Map_1_252;26.986
Map_1_253;26.986
Map_1_254;27.023
Mrk_15873;27.240
Mrk_15199;27.511
Mrk_15176;27.524
Mrk_14860;29.803
Mrk_16061;30.979
Map_1_255;31.621
Map_1_256;31.633
Mrk_16373;33.163
Map_1_257;33.428
Map_1_258;33.968
Map_1_259;34.525
Mrk_15140;38.087
Map_1_260;42.256
Mrk_16359;43.620
Mrk_16372;43.662
Map_1_261;49.152
Map_1_262;49.154
Map_1_263;49.748
Map_1_264;49.766
Map_1_265;49.814
Map_1_266;49.822
Mrk_16481;51.991
Mrk_16482;52.059
Map_1_267;52.089
Map_1_268;53.541
Map_1_269;53.557
Map_1_270;54.985
Map_1_271;55.129
Map_1_272;57.048
Map_1_273;57.290
Map_1_274;57.290
Map_1_275;57.338
Map_1_276;57.443
Mrk_14962;58.435
Mrk_16599;58.860
Map_1_277;58.990
Mrk_16531;59.849
Map_1_278;61.552
Map_1_279;61.969
Mrk_16727;62.615
Mrk_16598;63.358
Mrk_16597;63.359
Mrk_16524;63.655
Map_1_280;63.655
Mrk_16523;63.676
Map_1_281;67.215
Mrk_16701;71.467
group;LG8
Map_1_283;0.000
Map_1_284;5.486
Map_1_285;6.025
Map_1_286;6.458
Mrk_16540;11.880
Mrk_16529;11.895
Map_1_287;11.897
Mrk_16530;12.153
Mrk_16528;12.153
Mrk_16471;12.448
Mrk_16532;12.645
Map_1_288;15.138
Map_1_289;15.183
Mrk_16005;15.224
Map_1_290;15.274
Map_1_291;15.353
Map_1_292;15.362
Map_1_293;15.364
Mrk_14951;15.393
Mrk_16165;15.395
Mrk_16166;15.397
Map_1_294;15.404
Map_1_295;15.442
Map_1_296;15.447
Mrk_16230;15.557
Mrk_16235;15.660
Map_1_297;15.736
Mrk_15971;17.168
Mrk_16146;18.251
Mrk_15181;18.694
Map_1_298;18.968
Mrk_14683;26.105
Map_1_299;26.431
Map_1_300;26.676
Mrk_15578;29.933
Mrk_15667;30.112
Map_1_301;32.220
Map_1_302;33.617
Map_1_303;34.061
Map_1_304;34.075
Mrk_15576;34.075
Map_1_305;36.981
Map_1_306;36.989
Map_1_307;38.174
Map_1_308;38.766
Mrk_15253;38.766
Map_1_309;39.407
Mrk_14722;39.904
Mrk_17887;40.319
Map_1_310;40.463
Map_1_311;40.481
Mrk_17879;41.064
Mrk_14989;41.423
Mrk_17886;42.273
Mrk_17831;42.752
Map_1_312;42.818
Mrk_17450;43.353
Mrk_17598;43.427
Mrk_17827;44.779
Mrk_17457;45.367
Mrk_17460;45.548
Mrk_16607;48.220
Map_1_313;49.433
Mrk_15773;50.234
Mrk_15704;51.285
Mrk_14776;51.285
Mrk_15702;51.296
Mrk_15724;51.848
Mrk_15728;51.848
Mrk_15455;51.931
Mrk_15529;52.068
Mrk_14787;52.068
Map_1_314;52.232
Mrk_15498;52.444
Map_1_315;53.536
Map_1_316;54.381
Map_1_317;54.384
Mrk_17607;54.796
Mrk_16345;55.054
Mrk_16539;55.058
group;LG9
Map_1_319;0.000
Mrk_17511;0.277
Map_1_320;1.060
Map_1_321;1.111
Mrk_17445;1.185
Map_1_322;1.209
Map_1_323;2.421
Mrk_14933;2.702
Mrk_17963;3.010
Mrk_15236;3.611
Map_1_324;4.228
Mrk_15489;4.615
Map_1_325;4.974
Mrk_15539;4.974
Map_1_326;5.626
Mrk_15815;6.650
Mrk_16038;7.233
Mrk_14977;7.233
Mrk_16259;7.841
Mrk_15825;8.336
Mrk_16009;9.139
Map_1_327;10.237
Mrk_16702;11.368
Mrk_17038;14.273
Mrk_17165;14.439
Mrk_17158;14.442
Mrk_17323;15.628
Mrk_17349;16.141
Map_1_328;16.351
Mrk_17387;16.797
Map_1_329;16.968
Mrk_17388;19.162
Mrk_17485;22.656
Mrk_17565;24.419
Mrk_17609;24.923
Mrk_17673;26.026
Mrk_17677;26.034
Map_1_330;26.042
Mrk_17729;26.043
Map_1_331;26.057
Map_1_332;27.667
Mrk_17771;27.711
Map_1_333;27.962
Mrk_15059;29.278
Map_1_334;29.870
Mrk_17812;29.910
Mrk_17801;30.416
Map_1_335;37.501
Map_1_336;39.169
Mrk_15500;43.157
Map_1_337;43.168
Mrk_15573;44.492
Mrk_14752;44.558
Mrk_15574;44.709
Mrk_15861;47.404
Map_1_338;50.339
Map_1_339;50.353
Map_1_340;52.783
Map_1_341;53.224
Map_1_342;53.245
Mrk_15986;53.549
Map_1_343;53.804
Map_1_344;53.870
Map_1_345;54.336
Map_1_346;54.662
Map_1_347;55.175
Mrk_17074;55.186
Mrk_16101;55.186
Mrk_16104;55.190
Map_1_348;55.198
Map_1_349;55.599
Map_1_350;55.603
Map_1_351;55.603
Mrk_16630;55.671
Mrk_16635;55.674
Mrk_16634;55.674
Mrk_16626;55.680
Mrk_16105;55.681
Map_1_352;55.689
Map_1_353;56.332
Map_1_354;56.332
Map_1_355;56.693
Map_1_356;57.383
Mrk_17080;58.019
Mrk_15160;62.743
Map_1_357;62.749
Mrk_14785;63.938
Mrk_16789;64.512
Mrk_16797;65.101
Mrk_15108;65.686
Mrk_16799;65.687
Map_1_358;66.237
Mrk_16815;66.259
Mrk_16816;66.262
Mrk_16828;67.422
Mrk_16829;68.007
Map_1_359;68.512
Map_1_360;68.578
Mrk_16890;68.592
Mrk_16879;68.603
Mrk_16834;68.608
Mrk_16907;68.621
Map_1_361;68.720
Map_1_362;69.172
Mrk_14910;69.778
Mrk_14753;70.339
group;LG10
Map_1_364;0.000
Map_1_365;0.532
Mrk_16926;1.055
Mrk_17136;2.105
Mrk_17134;2.105
Map_1_366;2.640
Map_1_367;2.640
Mrk_17147;2.982
Map_1_368;4.651
Mrk_17148;5.627
Mrk_17151;5.648
Map_1_369;7.501
Map_1_370;8.166
Mrk_16741;13.489
Mrk_16699;14.138
Mrk_16736;14.138
Mrk_16738;14.480
Map_1_371;14.627
Map_1_372;14.690
Mrk_16685;14.690
Map_1_373;14.700
Mrk_16664;15.728
Map_1_374;16.172
Map_1_375;16.319
Map_1_376;17.057
Map_1_377;19.917
Mrk_16549;20.011
Map_1_378;20.080
Mrk_14732;20.080
Mrk_16582;20.149
Mrk_17090;20.156
Mrk_14921;26.383
Mrk_16427;26.602
Mrk_16430;26.657
Map_1_379;26.670
Map_1_380;26.775
Mrk_16255;27.603
Mrk_16360;28.458
Mrk_16300;28.787
Mrk_16301;28.787
Mrk_16254;29.934
Map_1_381;29.979
Mrk_16431;30.436
Mrk_16361;30.899
Map_1_382;32.687
Map_1_383;33.379
Map_1_384;34.397
Mrk_16164;34.570
Map_1_385;34.570
Map_1_386;35.813
Map_1_387;38.324
Mrk_16048;38.350
Mrk_16047;38.360
Mrk_16003;40.312
Mrk_15833;43.437
Mrk_15951;43.807
Mrk_15126;43.860
Mrk_15948;43.913
Map_1_388;43.988
Mrk_15821;43.999
Map_1_389;45.628
Mrk_15052;45.629
Mrk_15788;45.744
Mrk_15764;46.309
Mrk_15834;46.458
Mrk_15192;46.730
Map_1_390;46.831
Mrk_15748;46.986
Map_1_391;47.246
Map_1_392;48.573
Mrk_15098;49.168
Mrk_15758;49.640
Map_1_393;49.706
Map_1_394;50.125
Mrk_14667;50.233
Map_1_395;50.620
Mrk_15756;50.755
Map_1_396;51.461
Mrk_17847;51.467
Mrk_14922;51.580
Map_1_397;51.917
Map_1_398;51.932
Mrk_14734;53.699
Mrk_17838;53.711
Map_1_399;53.764
Map_1_400;55.148
Mrk_15556;55.427
Mrk_15557;55.430
Map_1_401;55.482
Map_1_402;56.069
Mrk_15459;56.785
Map_1_403;57.671
Mrk_15521;57.925
Mrk_15515;57.925
Map_1_404;57.928
Mrk_15280;57.928
Map_1_405;57.940
Map_1_406;58.378
Map_1_407;58.388
Map_1_408;58.397
Map_1_409;58.426
Map_1_410;58.492
Map_1_411;59.005
Mrk_17937;59.120
Mrk_15106;59.126
Map_1_412;59.141
Map_1_413;60.170
Mrk_17279;61.960
Mrk_17278;61.960
Map_1_414;61.992
Mrk_15077;63.129
Mrk_16851;63.189
Mrk_16910;63.189
Map_1_415;63.190
Map_1_416;63.223
Map_1_417;64.662
Map_1_418;64.925
Map_1_419;65.025
Mrk_15276;65.025
Map_1_420;65.049
Mrk_16386;65.066
Mrk_16382;65.066
Map_1_421;66.214
Mrk_17934;66.783
Mrk_17865;68.491
Mrk_16337;69.795
Map_1_422;70.223
Mrk_16334;76.755
Map_1_423;79.136
Mrk_15492;80.203
Map_1_424;80.228
Map_1_425;80.853
group;LG11
Map_1_427;0.000
Mrk_17267;0.104
Map_1_428;0.667
Map_1_429;1.280
Mrk_17220;2.428
Map_1_430;2.456
Map_1_431;6.550
Mrk_17172;6.557
Mrk_17140;8.913
Map_1_432;8.925
Mrk_17082;10.081
Mrk_17084;10.124
Mrk_17085;10.163
Map_1_433;10.281
Mrk_17070;10.742
Mrk_17069;11.338
Map_1_434;12.519
Mrk_16962;14.297
Map_1_435;26.261
Mrk_17254;26.261
Map_1_436;26.825
Map_1_437;28.695
Mrk_17217;29.314
Mrk_16639;30.058
Mrk_16633;30.353
Mrk_16604;30.687
Mrk_17202;32.187
Mrk_16571;34.353
Mrk_17139;35.334
Mrk_15058;37.536
Map_1_438;39.151
Map_1_439;39.877
Mrk_14719;39.970
Mrk_16439;40.324
Mrk_14801;41.461
Mrk_16313;41.751
Map_1_440;42.871
Map_1_441;43.805
Map_1_442;43.828
Map_1_443;43.829
Mrk_16176;44.550
Mrk_16175;44.558
Mrk_15942;45.082
Map_1_444;45.090
Mrk_15202;45.097
Map_1_445;45.097
Mrk_14938;45.433
Map_1_446;45.578
Mrk_15757;45.657
Map_1_447;46.146
Mrk_14908;46.552
Map_1_448;46.869
Map_1_449;47.317
Map_1_450;47.461
Map_1_451;47.465
Mrk_16311;48.525
Mrk_15763;49.147
Map_1_452;49.691
Map_1_453;50.104
Map_1_454;50.234
Mrk_15644;50.349
Mrk_15642;50.360
Mrk_15159;52.626
Mrk_15691;52.655
Map_1_455;53.268
Mrk_15511;53.818
Mrk_15502;53.828
Mrk_15505;53.835
Mrk_15453;54.133
Mrk_15433;54.331
Map_1_456;54.600
Mrk_15410;54.869
Mrk_15413;54.886
Mrk_15414;54.889
Map_1_457;54.889
Mrk_14671;54.929
Mrk_15440;54.993
Map_1_458;55.509
Map_1_459;55.895
Mrk_15342;56.190
Map_1_460;56.200
Map_1_461;56.214
Mrk_15340;56.309
Mrk_15360;56.343
Map_1_462;56.895
Mrk_15306;56.927
Mrk_15273;57.361
Mrk_17975;57.449
Map_1_463;57.475
Map_1_464;57.847
Mrk_15261;57.851
Map_1_465;60.143
Mrk_14838;60.393
Mrk_17866;60.435
Map_1_466;61.124
Mrk_17864;61.218
Map_1_467;61.484
Mrk_17825;62.080
Mrk_17826;62.150
Mrk_17861;63.971
Map_1_468;65.971
Mrk_17723;67.932
Map_1_469;68.813
Mrk_17635;69.345
Mrk_17636;69.401
Mrk_17665;70.540
Mrk_17666;70.624
Map_1_470;71.195
Mrk_17640;71.756
Mrk_17634;71.865
Mrk_17466;73.937
Map_1_471;74.039
Mrk_17463;74.645
Mrk_15013;74.835
Mrk_17459;75.204
Mrk_17456;75.219
Mrk_17447;75.651
Mrk_17444;75.717
Map_1_472;75.733
Mrk_17416;76.556
Mrk_17417;76.556
Map_1_473;76.599
Mrk_17355;80.557
Mrk_14902;80.708
Map_1_474;80.719
Mrk_17001;80.999
Mrk_16661;84.687
Mrk_17509;84.749
Map_1_475;84.893
Map_1_476;84.922
Map_1_477;84.954
Map_1_478;85.074
Map_1_479;85.374
group;LG12
Map_1_481;0.000
Map_1_482;1.444
Map_1_483;1.976
Mrk_17441;2.018
Mrk_17462;3.530
Map_1_484;4.893
Mrk_15638;6.361
Mrk_16611;6.409
Map_1_485;6.949
Mrk_15840;6.962
Mrk_14692;6.984
Mrk_14780;7.714
Mrk_16622;8.144
Map_1_486;8.154
Mrk_16668;8.239
Map_1_487;8.717
Map_1_488;9.882
Mrk_17156;9.926
Mrk_17329;10.470
Mrk_17386;11.636
Map_1_489;11.640
Map_1_490;11.702
Mrk_15009;15.141
Map_1_491;15.253
Map_1_492;15.776
Mrk_17875;16.318
Map_1_493;16.938
Mrk_15804;18.203
Map_1_494;18.210
Map_1_495;18.215
Map_1_496;18.222
Map_1_497;18.641
Map_1_498;18.824
Mrk_16079;21.748
Mrk_16087;21.762
Mrk_16095;21.767
Map_1_499;21.771
Map_1_500;21.783
Mrk_16077;21.817
Map_1_501;22.674
Map_1_502;24.124
Mrk_16263;28.820
Map_1_503;32.308
Mrk_16584;33.419
Mrk_15027;33.509
Map_1_504;34.179
Mrk_16761;36.553
Map_1_505;37.334
Mrk_16733;37.334
Mrk_14841;38.158
Mrk_16706;38.375
Map_1_506;38.608
Mrk_16708;38.833
Map_1_507;40.010
Mrk_14764;41.657
Mrk_14852;42.130
Map_1_508;42.414
Mrk_16825;42.818
Map_1_509;43.050
Mrk_16837;43.061
Mrk_16839;43.632
Map_1_510;44.246
Mrk_16846;44.349
Mrk_16883;45.534
Mrk_16888;46.118
Mrk_16889;46.207
Map_1_511;46.899
Mrk_15097;47.252
Mrk_16931;47.254
Map_1_512;47.734
Mrk_16942;47.888
Mrk_16938;48.521
Map_1_513;51.645
Mrk_15133;53.267
Mrk_15064;53.276
Map_1_514;53.276
Mrk_17022;53.479
Mrk_17004;54.163
Mrk_17002;54.296
Mrk_17009;54.606
Mrk_17013;54.611
Mrk_17007;54.791
Map_1_515;55.329
Mrk_17023;55.886
Mrk_17024;55.934
Map_1_516;56.330
Mrk_15039;56.454
Map_1_517;56.582
Mrk_17034;57.291
Mrk_17050;58.246
Map_1_518;58.380
Map_1_519;58.797
Mrk_17060;58.797
Map_1_520;58.845
Mrk_14755;58.868
Mrk_15057;58.916
Mrk_17066;58.955
Map_1_521;59.079
group;LG13
Map_1_523;0.000
Mrk_14739;0.010
Mrk_17895;0.098
Mrk_17850;0.107
Mrk_17871;0.107
Mrk_17841;0.248
Mrk_16856;0.796
Mrk_16391;0.796
Mrk_17297;0.801
Mrk_16951;0.861
Mrk_17155;0.868
Mrk_17576;0.868
Mrk_15297;0.907
Map_1_524;0.916
Map_1_525;1.400
Map_1_526;1.499
Mrk_16953;1.948
Map_1_527;4.161
Map_1_528;4.851
Mrk_14981;6.075
Mrk_16126;7.425
Map_1_529;7.825
Mrk_16142;7.931
Mrk_14687;8.411
Map_1_530;8.685
Map_1_531;9.139
Mrk_16526;9.892
Mrk_16527;9.906
Mrk_16533;10.266
Map_1_532;11.288
Map_1_533;14.651
Mrk_17175;16.207
Mrk_17173;16.253
Mrk_17210;16.697
Mrk_17366;18.920
Map_1_534;22.042
Mrk_17522;23.627
Mrk_17523;23.634
Mrk_17573;24.175
Map_1_535;24.183
Mrk_17616;25.945
Map_1_536;27.599
Mrk_17708;28.668
Mrk_17717;29.127
Mrk_17768;29.963
Map_1_537;31.220
Mrk_15268;33.013
Mrk_15275;33.290
Map_1_538;33.622
Map_1_539;33.654
Mrk_15029;33.661
Map_1_540;33.876
Mrk_15405;34.009
Map_1_541;35.013
Map_1_542;37.890
Map_1_543;41.000
Map_1_544;41.187
Mrk_16719;45.750
Map_1_545;46.385
Mrk_15072;47.015
group;LG14
Map_1_547;0.000
Mrk_15025;0.601
Mrk_17089;1.179
Mrk_17086;1.197
Mrk_17426;1.772
Mrk_17428;1.789
Mrk_17589;2.942
Map_1_548;2.958
Mrk_17624;4.547
Mrk_17629;5.144
Map_1_549;6.869
Map_1_550;9.417
Mrk_17910;11.186
Map_1_551;11.430
Map_1_552;11.463
Mrk_17901;11.688
Mrk_17911;11.750
Map_1_553;13.559
Mrk_17899;13.621
Map_1_554;14.062
Mrk_15310;14.240
Mrk_15462;14.425
Mrk_15463;14.455
Mrk_15457;17.360
Map_1_555;17.384
Map_1_556;17.392
Mrk_16023;18.996
Map_1_557;19.107
Mrk_16128;19.461
Mrk_16129;19.469
Map_1_558;20.980
Mrk_15706;21.038
Mrk_14733;21.056
Map_1_559;21.082
Mrk_16016;22.130
Mrk_16072;22.611
Map_1_560;23.561
Map_1_561;25.417
Map_1_562;25.604
Map_1_563;26.989
Map_1_564;27.445
Map_1_565;27.828
Map_1_566;28.985
Map_1_567;29.002
Map_1_568;29.463
Map_1_569;30.465
Map_1_570;30.474
Mrk_16152;31.026
Map_1_571;31.026
Mrk_16151;31.033
Map_1_572;31.318
Mrk_16158;31.319
Map_1_573;31.454
Mrk_16159;31.645
Mrk_16201;32.518
Mrk_16215;32.532
Mrk_16225;32.545
Mrk_16210;32.901
Mrk_16246;32.943
Mrk_16247;32.969
Mrk_16227;33.160
Map_1_574;33.176
Map_1_575;34.405
Mrk_16330;34.573
Mrk_16328;34.573
Map_1_576;35.135
Mrk_14966;35.725
Mrk_16327;36.165
Mrk_15178;36.165
Map_1_577;38.387
Mrk_16606;38.904
Map_1_578;39.494
Map_1_579;39.546
Mrk_14783;39.560
Mrk_16614;39.925
Mrk_16616;39.925
Mrk_16609;40.665
Mrk_15045;40.846
Mrk_16605;40.867
Map_1_580;41.261
Mrk_16618;41.280
Map_1_581;41.586
Mrk_16465;41.615
Mrk_16619;42.119
Map_1_582;42.275
Mrk_14706;43.737
Map_1_583;43.971
Map_1_584;47.429
Map_1_585;48.258
Mrk_16770;49.611
Mrk_14720;49.611
Mrk_16800;52.145
Mrk_14913;56.189
Mrk_16877;57.007
Mrk_15209;57.007
Map_1_586;57.887
Mrk_16900;57.893
group;LG15
Map_1_588;0.000
Map_1_589;2.361
Mrk_17451;7.702
Mrk_17452;7.702
Map_1_590;10.035
Map_1_591;11.685
Mrk_17380;14.661
Map_1_592;15.259
Mrk_17373;15.259
Mrk_17344;21.246
Mrk_14718;34.108
Map_1_593;36.561
Mrk_16454;36.561
Mrk_16451;36.657
Mrk_17498;38.149
Mrk_17500;38.157
Map_1_594;38.171
Mrk_17507;38.470
Map_1_595;39.401
Map_1_596;39.918
Map_1_597;39.964
Mrk_17436;39.964
Mrk_17382;41.717
Mrk_17383;41.734
Mrk_16141;41.952
Map_1_598;42.272
Map_1_599;43.447
Map_1_600;43.456
Map_1_601;43.462
Map_1_602;43.462
Map_1_603;43.892
Mrk_16018;44.462
Mrk_16318;45.595
Mrk_14809;45.734
Map_1_604;45.759
Mrk_14963;46.313
Map_1_605;49.334
Map_1_606;49.439
Mrk_17314;50.035
Mrk_17313;50.114
Map_1_607;50.503
Mrk_14762;50.503
Mrk_17257;50.512
Map_1_608;50.554
Map_1_609;51.488
Map_1_610;51.638
Map_1_611;51.640
Mrk_16932;51.723
Map_1_612;52.454
Mrk_15778;55.076
Map_1_613;56.450
Mrk_16317;57.929
Mrk_15816;57.933
Mrk_15820;58.538
Mrk_15734;60.514
Map_1_614;64.623
Map_1_615;65.384
Mrk_14736;65.633
Mrk_15652;66.363
Mrk_15630;67.372
Mrk_14849;67.515
Map_1_616;67.758
Map_1_617;68.169
Map_1_618;68.282
Mrk_15363;68.386
Map_1_619;69.264
Mrk_15295;73.295
Mrk_15296;73.323
Mrk_14867;75.418
Mrk_17820;77.719
Mrk_17806;78.260
Mrk_17661;78.780
Map_1_620;79.371
Mrk_17744;79.969
Mrk_14737;80.506
Mrk_17660;81.224
Map_1_621;81.265
Mrk_17684;81.743
Mrk_14679;82.348
Mrk_17652;82.831
Mrk_17646;83.054
Map_1_622;83.897
Mrk_17649;83.907
Map_1_623;84.464
Mrk_17644;84.610
Map_1_624;85.948
Map_1_625;86.942
Mrk_14751;87.452
Map_1_626;87.808
Mrk_17562;87.808
Mrk_17557;87.818
Mrk_17424;89.004
Map_1_627;89.312
Mrk_17553;89.701
Mrk_17552;89.753
Map_1_628;90.361
Map_1_629;91.022
Mrk_17077;91.854
Mrk_14695;91.854
Map_1_630;92.087
Mrk_17284;92.628
Mrk_15050;92.801
Mrk_14890;93.123
Mrk_17215;93.289
Mrk_17033;93.598
Mrk_17061;93.820
Mrk_15047;94.294
Mrk_17037;94.427
Mrk_17049;94.427
Mrk_16993;95.006
Mrk_16680;95.250
Map_1_631;95.568
Mrk_16371;97.422
Mrk_16694;97.917
Mrk_16689;97.917
Mrk_16677;97.928
Mrk_16383;98.160
Mrk_14853;98.185
Map_1_632;98.364
Mrk_16377;98.401
Mrk_16208;98.605
Map_1_633;100.003
Mrk_15675;100.469
Mrk_15658;100.993
Mrk_15655;101.033
Mrk_15672;101.063
Mrk_15657;101.245
Mrk_15602;101.490
Mrk_15601;101.490
Mrk_14886;102.163
Map_1_634;102.549
Mrk_15289;102.656
Mrk_15271;102.679
Mrk_17951;103.113
Mrk_14758;104.198
Map_1_635;104.329
Mrk_15301;104.747
Mrk_15235;104.884
Mrk_14831;106.371
group;LG16
Map_1_637;0.000
Map_1_638;0.052
Mrk_17712;1.127
Map_1_639;1.130
Map_1_640;1.718
Map_1_641;2.742
Mrk_17765;4.282
Mrk_15418;5.616
Mrk_15425;5.655
Mrk_14984;5.932
Map_1_642;6.815
Mrk_15720;7.455
Mrk_15699;7.455
Mrk_15673;7.799
Map_1_643;8.086
Mrk_15759;8.755
Map_1_644;9.098
Map_1_645;10.523
Map_1_646;11.837
Mrk_15939;11.837
Mrk_14836;12.727
Map_1_647;16.406
Map_1_648;16.564
Map_1_649;16.567
Mrk_14759;16.598
Mrk_16717;16.627
Map_1_650;16.643
Map_1_651;16.742
Mrk_16943;16.835
Mrk_16996;16.835
Mrk_16999;16.944
Mrk_16715;16.944
Map_1_652;18.092
Mrk_17160;18.239
Mrk_17199;18.407
Mrk_17177;18.407
Mrk_17208;18.722
Mrk_17166;19.196
Mrk_17258;19.426
Mrk_17256;19.441
Map_1_653;19.441
Mrk_17255;19.562
Mrk_14907;19.771
Mrk_17295;20.517
Mrk_17318;20.777
Mrk_17317;20.777
Mrk_14741;21.910
Map_1_654;21.910
Map_1_655;23.772
Mrk_17495;24.206
Mrk_17493;24.349
Mrk_17513;25.492
Mrk_15061;27.174
Mrk_17579;27.232
Map_1_656;27.270
Mrk_14884;27.555
Mrk_17663;27.861
Map_1_657;29.206
Mrk_17641;29.271
Mrk_17645;29.296
Map_1_658;29.438
Map_1_659;29.541
Map_1_660;29.834
Map_1_661;29.921
Map_1_662;30.061
Map_1_663;30.838
Map_1_664;31.128
Map_1_665;31.644
Map_1_666;32.882
Map_1_667;34.042
Map_1_668;34.243
Map_1_669;34.523
Map_1_670;34.524
Map_1_671;34.649
Map_1_672;35.925
Map_1_673;35.928
Map_1_674;35.928
Mrk_17817;36.556
Mrk_17828;36.885
Mrk_17823;36.885
Mrk_17898;37.710
Map_1_675;37.968
Mrk_17903;38.029
Mrk_17905;38.029
Mrk_17907;38.552
Map_1_676;39.454
Mrk_17914;39.828
Map_1_677;40.294
Mrk_15014;40.569
Mrk_15437;41.468
Mrk_15432;41.651
Mrk_15443;41.813
Mrk_15493;42.080
Mrk_15113;42.088
Mrk_14954;43.850
Mrk_15568;45.014
Map_1_678;45.020
Mrk_14993;45.700
Map_1_679;47.259
Mrk_15621;48.347
Mrk_14761;48.348
Mrk_15651;48.930
Mrk_15118;49.454
Mrk_15674;50.066
Mrk_15677;50.067
Mrk_15676;50.068
Mrk_15683;50.069
Mrk_15710;51.757
Mrk_15187;51.763
Map_1_680;52.237
Map_1_681;52.310
Map_1_682;52.371
Map_1_683;52.784
Map_1_684;53.191
Mrk_17953;53.464
Mrk_15128;53.981
Map_1_685;54.210
Mrk_16010;54.737
Map_1_686;54.737
Mrk_14917;54.751
Mrk_15234;55.415
Map_1_687;55.431
Mrk_17981;55.581
Mrk_17967;55.600
Mrk_14814;55.987
Map_1_688;58.315
Map_1_689;58.695
Map_1_690;59.374
Map_1_691;59.491
Map_1_692;59.735
Map_1_693;60.167
Mrk_15883;60.613
Mrk_16216;60.613
Map_1_694;60.635
Map_1_695;60.636
Map_1_696;60.660
Map_1_697;61.112
Map_1_698;61.137
group;LG17
Map_1_700;0.000
Map_1_701;0.004
Map_1_702;3.482
Map_1_703;3.602
Map_1_704;3.694
Map_1_705;4.152
Map_1_706;4.234
Mrk_16370;4.239
Mrk_16374;4.289
Map_1_707;4.834
Map_1_708;4.865
Mrk_16331;4.885
Mrk_16125;5.438
Mrk_16124;5.454
Map_1_709;6.637
Map_1_710;6.637
Map_1_711;7.226
Mrk_16059;7.810
Map_1_712;7.814
Map_1_713;9.019
Mrk_15997;9.591
Mrk_15994;10.257
Map_1_714;10.782
Map_1_715;11.781
Map_1_716;11.991
Map_1_717;12.093
Map_1_718;12.159
Map_1_719;16.096
Map_1_720;17.285
Map_1_721;17.285
Map_1_722;19.051
Mrk_15476;23.922
Mrk_14829;25.145
Map_1_723;25.214
Map_1_724;25.411
Map_1_725;25.684
Map_1_726;28.099
Mrk_15246;28.126
Map_1_727;28.126
Map_1_728;28.133
Mrk_14889;28.222
Mrk_17857;31.872
Map_1_729;32.940
Mrk_17933;33.486
Map_1_730;34.484
Map_1_731;34.484
Mrk_17750;36.577
Mrk_17685;37.410
Map_1_732;38.187
Mrk_17402;40.314
Mrk_14806;41.374
Mrk_14982;41.471
Mrk_17008;41.471
Mrk_17525;41.518
Map_1_733;41.636
Mrk_16748;42.863
Mrk_17222;44.245
Mrk_16412;44.387
Map_1_734;44.424
Mrk_17224;44.424
Map_1_735;44.433
Mrk_17039;44.953
Mrk_16743;44.963
Mrk_16281;44.982
Mrk_16240;45.557
Map_1_736;46.577
Map_1_737;46.577
Map_1_738;47.308
Mrk_16040;47.661
Map_1_739;47.768
Map_1_740;48.236
Mrk_15538;48.254
Map_1_741;48.254
Map_1_742;48.258
Mrk_14911;48.261
Mrk_15707;48.261
Mrk_15534;48.263
Map_1_743;48.298
Mrk_15326;49.912
Map_1_744;51.200
Mrk_17800;51.322
Mrk_17792;52.388
Mrk_15092;53.435
Mrk_17702;53.471
Mrk_17294;53.567
Mrk_16972;54.415
Mrk_14684;54.708